{"cameraMode":{"drawMode":0,"name":"Shaded","section":"Shading Mode"},"sceneLighting":false,"audioPlay":false,"sceneViewState":{"m_AlwaysRefresh":false,"showFog":true,"showSkybox":false,"showFlares":true,"showImageEffects":true,"showParticleSystems":true,"showVisualEffectGraphs":true,"m_FxEnabled":true},"in2DMode":false,"pivot":{"x":180.92596435546876,"y":70.91094207763672,"z":140.7279052734375},"rotation":{"x":-0.11003459990024567,"y":0.05108850449323654,"z":-0.005688783712685108,"w":-0.9926630854606628},"size":40.06513214111328,"orthographic":false}