{"cameraMode":{"drawMode":0,"name":"Shaded","section":"Shading Mode"},"sceneLighting":false,"audioPlay":false,"sceneViewState":{"m_AlwaysRefresh":false,"showFog":true,"showSkybox":false,"showFlares":true,"showImageEffects":true,"showParticleSystems":true,"showVisualEffectGraphs":true,"m_FxEnabled":true},"in2DMode":false,"pivot":{"x":-3.3659133911132814,"y":1.3263334035873414,"z":1.514146089553833},"rotation":{"x":0.0017379062483087183,"y":-0.5018570423126221,"z":-0.0011920968536287547,"w":-0.8650611042976379},"size":5.200015068054199,"orthographic":false}