{"cameraMode":{"drawMode":0,"name":"Shaded","section":"Shading Mode"},"sceneLighting":false,"audioPlay":false,"sceneViewState":{"m_AlwaysRefresh":false,"showFog":true,"showSkybox":false,"showFlares":true,"showImageEffects":true,"showParticleSystems":true,"showVisualEffectGraphs":true,"m_FxEnabled":true},"in2DMode":false,"pivot":{"x":2.87754487991333,"y":2.11236310005188,"z":-4.8067426681518559},"rotation":{"x":0.0017856312915682793,"y":-0.9939583539962769,"z":0.10867047309875488,"w":0.01638319529592991},"size":5.4729461669921879,"orthographic":false}