{"cameraMode":{"drawMode":0,"name":"Shaded","section":"Shading Mode"},"sceneLighting":true,"audioPlay":false,"sceneViewState":{"m_AlwaysRefresh":false,"showFog":true,"showSkybox":false,"showFlares":true,"showImageEffects":true,"showParticleSystems":true,"showVisualEffectGraphs":true,"m_FxEnabled":true},"in2DMode":false,"pivot":{"x":0.037119269371032718,"y":0.44489580392837527,"z":0.8585764169692993},"rotation":{"x":-0.13279904425144196,"y":0.8521084189414978,"z":-0.26078927516937258,"w":-0.4339054822921753},"size":2.3156609535217287,"orthographic":false}