{"cameraMode":{"drawMode":0,"name":"Shaded","section":"Shading Mode"},"sceneLighting":false,"audioPlay":false,"sceneViewState":{"m_AlwaysRefresh":false,"showFog":true,"showSkybox":false,"showFlares":true,"showImageEffects":true,"showParticleSystems":true,"showVisualEffectGraphs":true,"m_FxEnabled":true},"in2DMode":false,"pivot":{"x":-1.735949993133545,"y":1.7623146772384644,"z":0.39032435417175295},"rotation":{"x":-0.024950893595814706,"y":0.3804830014705658,"z":0.01031284499913454,"w":0.9244290590286255},"size":2.0341546535491945,"orthographic":false}